x,sin(x)
0.000000000,0.000000000
0.002000000,0.001999999
0.004000000,0.003999989
0.006000000,0.005999964
0.008000000,0.007999915
0.010000000,0.009999833
0.012000000,0.011999712
0.014000000,0.013999543
0.016000000,0.015999317
0.018000000,0.017999028
0.020000000,0.019998667
0.022000000,0.021998225
0.024000000,0.023997696
0.026000000,0.025997071
0.028000000,0.027996341
0.030000000,0.029995500
0.032000000,0.031994539
0.034000000,0.033993450
0.036000000,0.035992225
0.038000000,0.037990855
0.040000000,0.039989334
0.042000000,0.041987653
0.044000000,0.043985804
0.046000000,0.045983779
0.048000000,0.047981570
0.050000000,0.049979169
0.052000000,0.051976569
0.054000000,0.053973760
0.056000000,0.055970735
0.058000000,0.057967487
0.060000000,0.059964006
0.062000000,0.061960286
0.064000000,0.063956318
0.066000000,0.065952094
0.068000000,0.067947607
0.070000000,0.069942847
0.072000000,0.071937808
0.074000000,0.073932481
0.076000000,0.075926858
0.078000000,0.077920932
0.080000000,0.079914694
0.082000000,0.081908136
0.084000000,0.083901251
0.086000000,0.085894030
0.088000000,0.087886465
0.090000000,0.089878549
0.092000000,0.091870274
0.094000000,0.093861630
0.096000000,0.095852612
0.098000000,0.097843210
0.100000000,0.099833417
0.102000000,0.101823224
0.104000000,0.103812624
0.106000000,0.105801609
0.108000000,0.107790170
0.110000000,0.109778301
0.112000000,0.111765992
0.114000000,0.113753236
0.116000000,0.115740026
0.118000000,0.117726352
0.120000000,0.119712207
0.122000000,0.121697584
0.124000000,0.123682474
0.126000000,0.125666869
0.128000000,0.127650761
0.130000000,0.129634143
0.132000000,0.131617006
0.134000000,0.133599343
0.136000000,0.135581145
0.138000000,0.137562405
0.140000000,0.139543115
0.142000000,0.141523266
0.144000000,0.143502852
0.146000000,0.145481863
0.148000000,0.147460293
0.150000000,0.149438132
0.152000000,0.151415374
0.154000000,0.153392011
0.156000000,0.155368033
0.158000000,0.157343435
0.160000000,0.159318207
0.162000000,0.161292341
0.164000000,0.163265831
0.166000000,0.165238667
0.168000000,0.167210842
0.170000000,0.169182349
0.172000000,0.171153179
0.174000000,0.173123324
0.176000000,0.175092777
0.178000000,0.177061529
0.180000000,0.179029573
0.182000000,0.180996901
0.184000000,0.182963505
0.186000000,0.184929378
0.188000000,0.186894510
0.190000000,0.188858895
0.192000000,0.190822524
0.194000000,0.192785391
0.196000000,0.194747486
0.198000000,0.196708802
0.200000000,0.198669331
0.202000000,0.200629065
0.204000000,0.202587997
0.206000000,0.204546119
0.208000000,0.206503422
0.210000000,0.208459900
0.212000000,0.210415543
0.214000000,0.212370345
0.216000000,0.214324298
0.218000000,0.216277393
0.220000000,0.218229623
0.222000000,0.220180980
0.224000000,0.222131457
0.226000000,0.224081045
0.228000000,0.226029736
0.230000000,0.227977524
0.232000000,0.229924399
0.234000000,0.231870355
0.236000000,0.233815383
0.238000000,0.235759476
0.240000000,0.237702626
0.242000000,0.239644826
0.244000000,0.241586066
0.246000000,0.243526341
0.248000000,0.245465641
0.250000000,0.247403959
0.252000000,0.249341288
0.254000000,0.251277619
0.256000000,0.253212946
0.258000000,0.255147259
0.260000000,0.257080552
0.262000000,0.259012816
0.264000000,0.260944045
0.266000000,0.262874230
0.268000000,0.264803363
0.270000000,0.266731437
0.272000000,0.268658444
0.274000000,0.270584376
0.276000000,0.272509226
0.278000000,0.274432986
0.280000000,0.276355649
0.282000000,0.278277205
0.284000000,0.280197649
0.286000000,0.282116972
0.288000000,0.284035167
0.290000000,0.285952225
0.292000000,0.287868140
0.294000000,0.289782903
0.296000000,0.291696507
0.298000000,0.293608944
0.300000000,0.295520207
0.302000000,0.297430287
0.304000000,0.299339178
0.306000000,0.301246872
0.308000000,0.303153360
0.310000000,0.305058636
0.312000000,0.306962692
0.314000000,0.308865520
0.316000000,0.310767113
0.318000000,0.312667462
0.320000000,0.314566561
0.322000000,0.316464401
0.324000000,0.318360976
0.326000000,0.320256277
0.328000000,0.322150297
0.330000000,0.324043028
0.332000000,0.325934464
0.334000000,0.327824595
0.336000000,0.329713416
0.338000000,0.331600917
0.340000000,0.333487092
0.342000000,0.335371933
0.344000000,0.337255433
0.346000000,0.339137583
0.348000000,0.341018377
0.350000000,0.342897807
0.352000000,0.344775866
0.354000000,0.346652545
0.356000000,0.348527838
0.358000000,0.350401736
0.360000000,0.352274233
0.362000000,0.354145321
0.364000000,0.356014992
0.366000000,0.357883240
0.368000000,0.359750055
0.370000000,0.361615432
0.372000000,0.363479362
0.374000000,0.365341838
0.376000000,0.367202853
0.378000000,0.369062400
0.380000000,0.370920469
0.382000000,0.372777056
0.384000000,0.374632151
0.386000000,0.376485747
0.388000000,0.378337838
0.390000000,0.380188415
0.392000000,0.382037472
0.394000000,0.383885000
0.396000000,0.385730993
0.398000000,0.387575443
0.400000000,0.389418342
0.402000000,0.391259684
0.404000000,0.393099461
0.406000000,0.394937666
0.408000000,0.396774290
0.410000000,0.398609328
0.412000000,0.400442771
0.414000000,0.402274613
0.416000000,0.404104845
0.418000000,0.405933461
0.420000000,0.407760453
0.422000000,0.409585814
0.424000000,0.411409537
0.426000000,0.413231614
0.428000000,0.415052038
0.430000000,0.416870802
0.432000000,0.418687899
0.434000000,0.420503321
0.436000000,0.422317061
0.438000000,0.424129111
0.440000000,0.425939465
0.442000000,0.427748115
0.444000000,0.429555055
0.446000000,0.431360276
0.448000000,0.433163771
0.450000000,0.434965534
0.452000000,0.436765557
0.454000000,0.438563833
0.456000000,0.440360355
0.458000000,0.442155115
0.460000000,0.443948107
0.462000000,0.445739323
0.464000000,0.447528756
0.466000000,0.449316399
0.468000000,0.451102244
0.470000000,0.452886285
0.472000000,0.454668515
0.474000000,0.456448926
0.476000000,0.458227511
0.478000000,0.460004263
0.480000000,0.461779176
0.482000000,0.463552241
0.484000000,0.465323452
0.486000000,0.467092801
0.488000000,0.468860282
0.490000000,0.470625888
0.492000000,0.472389611
0.494000000,0.474151445
0.496000000,0.475911382
0.498000000,0.477669416
0.500000000,0.479425539
0.502000000,0.481179744
0.504000000,0.482932024
0.506000000,0.484682373
0.508000000,0.486430783
0.510000000,0.488177247
0.512000000,0.489921758
0.514000000,0.491664310
0.516000000,0.493404895
0.518000000,0.495143507
0.520000000,0.496880138
0.522000000,0.498614781
0.524000000,0.500347430
0.526000000,0.502078078
0.528000000,0.503806717
0.530000000,0.505533341
0.532000000,0.507257943
0.534000000,0.508980516
0.536000000,0.510701053
0.538000000,0.512419547
0.540000000,0.514135992
0.542000000,0.515850380
0.544000000,0.517562704
0.546000000,0.519272958
0.548000000,0.520981136
0.550000000,0.522687229
0.552000000,0.524391231
0.554000000,0.526093136
0.556000000,0.527792937
0.558000000,0.529490626
0.560000000,0.531186198
0.562000000,0.532879645
0.564000000,0.534570960
0.566000000,0.536260137
0.568000000,0.537947169
0.570000000,0.539632049
0.572000000,0.541314770
0.574000000,0.542995327
0.576000000,0.544673711
0.578000000,0.546349917
0.580000000,0.548023937
0.582000000,0.549695765
0.584000000,0.551365394
0.586000000,0.553032818
0.588000000,0.554698030
0.590000000,0.556361023
0.592000000,0.558021790
0.594000000,0.559680326
0.596000000,0.561336623
0.598000000,0.562990674
0.600000000,0.564642473
0.602000000,0.566292014
0.604000000,0.567939290
0.606000000,0.569584294
0.608000000,0.571227019
0.610000000,0.572867460
0.612000000,0.574505609
0.614000000,0.576141460
0.616000000,0.577775007
0.618000000,0.579406243
0.620000000,0.581035161
0.622000000,0.582661754
0.624000000,0.584286017
0.626000000,0.585907943
0.628000000,0.587527526
0.630000000,0.589144758
0.632000000,0.590759634
0.634000000,0.592372146
0.636000000,0.593982289
0.638000000,0.595590057
0.640000000,0.597195441
0.642000000,0.598798437
0.644000000,0.600399038
0.646000000,0.601997238
0.648000000,0.603593029
0.650000000,0.605186406
0.652000000,0.606777362
0.654000000,0.608365891
0.656000000,0.609951987
0.658000000,0.611535642
0.660000000,0.613116852
0.662000000,0.614695609
0.664000000,0.616271908
0.666000000,0.617845741
0.668000000,0.619417103
0.670000000,0.620985987
0.672000000,0.622552387
0.674000000,0.624116297
0.676000000,0.625677711
0.678000000,0.627236622
0.680000000,0.628793024
0.682000000,0.630346911
0.684000000,0.631898276
0.686000000,0.633447114
0.688000000,0.634993418
0.690000000,0.636537182
0.692000000,0.638078400
0.694000000,0.639617066
0.696000000,0.641153173
0.698000000,0.642686715
0.700000000,0.644217687
0.702000000,0.645746082
0.704000000,0.647271894
0.706000000,0.648795117
0.708000000,0.650315745
0.710000000,0.651833771
0.712000000,0.653349190
0.714000000,0.654861996
0.716000000,0.656372182
0.718000000,0.657879743
0.720000000,0.659384672
0.722000000,0.660886964
0.724000000,0.662386612
0.726000000,0.663883610
0.728000000,0.665377953
0.730000000,0.666869635
0.732000000,0.668358649
0.734000000,0.669844990
0.736000000,0.671328651
0.738000000,0.672809627
0.740000000,0.674287912
0.742000000,0.675763499
0.744000000,0.677236384
0.746000000,0.678706559
0.748000000,0.680174020
0.750000000,0.681638760
0.752000000,0.683100774
0.754000000,0.684560055
0.756000000,0.686016597
0.758000000,0.687470396
0.760000000,0.688921445
0.762000000,0.690369738
0.764000000,0.691815270
0.766000000,0.693258035
0.768000000,0.694698026
0.770000000,0.696135239
0.772000000,0.697569667
0.774000000,0.699001305
0.776000000,0.700430146
0.778000000,0.701856187
0.780000000,0.703279419
0.782000000,0.704699839
0.784000000,0.706117440
0.786000000,0.707532216
0.788000000,0.708944162
0.790000000,0.710353272
0.792000000,0.711759541
0.794000000,0.713162963
0.796000000,0.714563533
0.798000000,0.715961244
0.800000000,0.717356091
0.802000000,0.718748069
0.804000000,0.720137171
0.806000000,0.721523394
0.808000000,0.722906730
0.810000000,0.724287174
0.812000000,0.725664722
0.814000000,0.727039366
0.816000000,0.728411103
0.818000000,0.729779926
0.820000000,0.731145830
0.822000000,0.732508809
0.824000000,0.733868858
0.826000000,0.735225972
0.828000000,0.736580145
0.830000000,0.737931371
0.832000000,0.739279646
0.834000000,0.740624964
0.836000000,0.741967319
0.838000000,0.743306706
0.840000000,0.744643120
0.842000000,0.745976555
0.844000000,0.747307007
0.846000000,0.748634469
0.848000000,0.749958937
0.850000000,0.751280405
0.852000000,0.752598868
0.854000000,0.753914320
0.856000000,0.755226757
0.858000000,0.756536173
0.860000000,0.757842563
0.862000000,0.759145921
0.864000000,0.760446243
0.866000000,0.761743523
0.868000000,0.763037756
0.870000000,0.764328937
0.872000000,0.765617061
0.874000000,0.766902122
0.876000000,0.768184115
0.878000000,0.769463036
0.880000000,0.770738879
0.882000000,0.772011639
0.884000000,0.773281311
0.886000000,0.774547890
0.888000000,0.775811370
0.890000000,0.777071748
0.892000000,0.778329017
0.894000000,0.779583172
0.896000000,0.780834210
0.898000000,0.782082124
0.900000000,0.783326910
0.902000000,0.784568562
0.904000000,0.785807076
0.906000000,0.787042447
0.908000000,0.788274670
0.910000000,0.789503740
0.912000000,0.790729651
0.914000000,0.791952400
0.916000000,0.793171981
0.918000000,0.794388389
0.920000000,0.795601620
0.922000000,0.796811668
0.924000000,0.798018529
0.926000000,0.799222198
0.928000000,0.800422670
0.930000000,0.801619941
0.932000000,0.802814005
0.934000000,0.804004857
0.936000000,0.805192494
0.938000000,0.806376910
0.940000000,0.807558100
0.942000000,0.808736061
0.944000000,0.809910786
0.946000000,0.811082271
0.948000000,0.812250513
0.950000000,0.813415505
0.952000000,0.814577243
0.954000000,0.815735724
0.956000000,0.816890941
0.958000000,0.818042891
0.960000000,0.819191568
0.962000000,0.820336969
0.964000000,0.821479089
0.966000000,0.822617922
0.968000000,0.823753465
0.970000000,0.824885713
0.972000000,0.826014662
0.974000000,0.827140306
0.976000000,0.828262642
0.978000000,0.829381665
0.980000000,0.830497370
0.982000000,0.831609754
0.984000000,0.832718811
0.986000000,0.833824537
0.988000000,0.834926928
0.990000000,0.836025979
0.992000000,0.837121686
0.994000000,0.838214044
0.996000000,0.839303050
0.998000000,0.840388698
1.000000000,0.841470985
1.002000000,0.842549906
1.004000000,0.843625457
1.006000000,0.844697633
1.008000000,0.845766430
1.010000000,0.846831845
1.012000000,0.847893872
1.014000000,0.848952507
1.016000000,0.850007747
1.018000000,0.851059587
1.020000000,0.852108022
1.022000000,0.853153049
1.024000000,0.854194663
1.026000000,0.855232861
1.028000000,0.856267638
1.030000000,0.857298989
1.032000000,0.858326912
1.034000000,0.859351401
1.036000000,0.860372452
1.038000000,0.861390063
1.040000000,0.862404227
1.042000000,0.863414942
1.044000000,0.864422204
1.046000000,0.865426007
1.048000000,0.866426349
1.050000000,0.867423226
1.052000000,0.868416632
1.054000000,0.869406565
1.056000000,0.870393020
1.058000000,0.871375994
1.060000000,0.872355482
1.062000000,0.873331481
1.064000000,0.874303987
1.066000000,0.875272995
1.068000000,0.876238502
1.070000000,0.877200504
1.072000000,0.878158998
1.074000000,0.879113978
1.076000000,0.880065443
1.078000000,0.881013387
1.080000000,0.881957807
1.082000000,0.882898699
1.084000000,0.883836060
1.086000000,0.884769885
1.088000000,0.885700171
1.090000000,0.886626914
1.092000000,0.887550111
1.094000000,0.888469758
1.096000000,0.889385851
1.098000000,0.890298386
1.100000000,0.891207360
1.102000000,0.892112769
1.104000000,0.893014610
1.106000000,0.893912879
1.108000000,0.894807572
1.110000000,0.895698686
1.112000000,0.896586217
1.114000000,0.897470161
1.116000000,0.898350516
1.118000000,0.899227278
1.120000000,0.900100442
1.122000000,0.900970006
1.124000000,0.901835967
1.126000000,0.902698319
1.128000000,0.903557062
1.130000000,0.904412189
1.132000000,0.905263700
1.134000000,0.906111589
1.136000000,0.906955853
1.138000000,0.907796490
1.140000000,0.908633496
1.142000000,0.909466867
1.144000000,0.910296601
1.146000000,0.911122693
1.148000000,0.911945140
1.150000000,0.912763940
1.152000000,0.913579089
1.154000000,0.914390584
1.156000000,0.915198420
1.158000000,0.916002597
1.160000000,0.916803109
1.162000000,0.917599954
1.164000000,0.918393128
1.166000000,0.919182629
1.168000000,0.919968453
1.170000000,0.920750598
1.172000000,0.921529059
1.174000000,0.922303834
1.176000000,0.923074920
1.178000000,0.923842314
1.180000000,0.924606012
1.182000000,0.925366012
1.184000000,0.926122311
1.186000000,0.926874905
1.188000000,0.927623791
1.190000000,0.928368967
1.192000000,0.929110430
1.194000000,0.929848176
1.196000000,0.930582203
1.198000000,0.931312507
1.200000000,0.932039086
1.202000000,0.932761937
1.204000000,0.933481057
1.206000000,0.934196443
1.208000000,0.934908092
1.210000000,0.935616002
1.212000000,0.936320169
1.214000000,0.937020590
1.216000000,0.937717264
1.218000000,0.938410187
1.220000000,0.939099356
1.222000000,0.939784769
1.224000000,0.940466423
1.226000000,0.941144315
1.228000000,0.941818442
1.230000000,0.942488802
1.232000000,0.943155392
1.234000000,0.943818209
1.236000000,0.944477252
1.238000000,0.945132516
1.240000000,0.945783999
1.242000000,0.946431700
1.244000000,0.947075615
1.246000000,0.947715741
1.248000000,0.948352077
1.250000000,0.948984619
1.252000000,0.949613366
1.254000000,0.950238314
1.256000000,0.950859461
1.258000000,0.951476804
1.260000000,0.952090342
1.262000000,0.952700071
1.264000000,0.953305989
1.266000000,0.953908094
1.268000000,0.954506384
1.270000000,0.955100856
1.272000000,0.955691507
1.274000000,0.956278335
1.276000000,0.956861338
1.278000000,0.957440514
1.280000000,0.958015860
1.282000000,0.958587374
1.284000000,0.959155054
1.286000000,0.959718897
1.288000000,0.960278901
1.290000000,0.960835064
1.292000000,0.961387384
1.294000000,0.961935858
1.296000000,0.962480485
1.298000000,0.963021261
1.300000000,0.963558185
1.302000000,0.964091256
1.304000000,0.964620469
1.306000000,0.965145825
1.308000000,0.965667320
1.310000000,0.966184952
1.312000000,0.966698719
1.314000000,0.967208620
1.316000000,0.967714651
1.318000000,0.968216812
1.320000000,0.968715100
1.322000000,0.969209513
1.324000000,0.969700050
1.326000000,0.970186707
1.328000000,0.970669484
1.330000000,0.971148378
1.332000000,0.971623387
1.334000000,0.972094510
1.336000000,0.972561745
1.338000000,0.973025089
1.340000000,0.973484542
1.342000000,0.973940100
1.344000000,0.974391763
1.346000000,0.974839528
1.348000000,0.975283393
1.350000000,0.975723358
1.352000000,0.976159419
1.354000000,0.976591576
1.356000000,0.977019827
1.358000000,0.977444170
1.360000000,0.977864602
1.362000000,0.978281124
1.364000000,0.978693732
1.366000000,0.979102425
1.368000000,0.979507202
1.370000000,0.979908061
1.372000000,0.980305001
1.374000000,0.980698019
1.376000000,0.981087114
1.378000000,0.981472285
1.380000000,0.981853530
1.382000000,0.982230848
1.384000000,0.982604237
1.386000000,0.982973695
1.388000000,0.983339222
1.390000000,0.983700815
1.392000000,0.984058473
1.394000000,0.984412195
1.396000000,0.984761980
1.398000000,0.985107825
1.400000000,0.985449730
1.402000000,0.985787693
1.404000000,0.986121713
1.406000000,0.986451789
1.408000000,0.986777918
1.410000000,0.987100101
1.412000000,0.987418335
1.414000000,0.987732620
1.416000000,0.988042953
1.418000000,0.988349335
1.420000000,0.988651763
1.422000000,0.988950236
1.424000000,0.989244754
1.426000000,0.989535315
1.428000000,0.989821917
1.430000000,0.990104560
1.432000000,0.990383243
1.434000000,0.990657964
1.436000000,0.990928723
1.438000000,0.991195518
1.440000000,0.991458348
1.442000000,0.991717213
1.444000000,0.991972110
1.446000000,0.992223040
1.448000000,0.992470000
1.450000000,0.992712991
1.452000000,0.992952011
1.454000000,0.993187059
1.456000000,0.993418135
1.458000000,0.993645236
1.460000000,0.993868363
1.462000000,0.994087515
1.464000000,0.994302690
1.466000000,0.994513889
1.468000000,0.994721109
1.470000000,0.994924350
1.472000000,0.995123611
1.474000000,0.995318892
1.476000000,0.995510192
1.478000000,0.995697510
1.480000000,0.995880845
1.482000000,0.996060196
1.484000000,0.996235563
1.486000000,0.996406945
1.488000000,0.996574342
1.490000000,0.996737752
1.492000000,0.996897175
1.494000000,0.997052611
1.496000000,0.997204059
1.498000000,0.997351517
1.500000000,0.997494987
1.502000000,0.997634466
1.504000000,0.997769955
1.506000000,0.997901452
1.508000000,0.998028959
1.510000000,0.998152472
1.512000000,0.998271994
1.514000000,0.998387522
1.516000000,0.998499057
1.518000000,0.998606598
1.520000000,0.998710144
1.522000000,0.998809695
1.524000000,0.998905252
1.526000000,0.998996812
1.528000000,0.999084377
1.530000000,0.999167945
1.532000000,0.999247517
1.534000000,0.999323092
1.536000000,0.999394669
1.538000000,0.999462249
1.540000000,0.999525831
1.542000000,0.999585414
1.544000000,0.999641000
1.546000000,0.999692587
1.548000000,0.999740175
1.550000000,0.999783764
1.552000000,0.999823354
1.554000000,0.999858945
1.556000000,0.999890536
1.558000000,0.999918128
1.560000000,0.999941720
1.562000000,0.999961313
1.564000000,0.999976905
1.566000000,0.999988498
1.568000000,0.999996090
1.570000000,0.999999683
1.572000000,0.999999276
1.574000000,0.999994868
1.576000000,0.999986461
1.578000000,0.999974054
1.580000000,0.999957646
1.582000000,0.999937240
1.584000000,0.999912833
1.586000000,0.999884426
1.588000000,0.999852020
1.590000000,0.999815615
1.592000000,0.999775211
1.594000000,0.999730807
1.596000000,0.999682404
1.598000000,0.999630003
1.600000000,0.999573603
1.602000000,0.999513205
1.604000000,0.999448809
1.606000000,0.999380415
1.608000000,0.999308023
1.610000000,0.999231634
1.612000000,0.999151249
1.614000000,0.999066866
1.616000000,0.998978488
1.618000000,0.998886113
1.620000000,0.998789743
1.622000000,0.998689378
1.624000000,0.998585018
1.626000000,0.998476664
1.628000000,0.998364316
1.630000000,0.998247974
1.632000000,0.998127640
1.634000000,0.998003313
1.636000000,0.997874994
1.638000000,0.997742683
1.640000000,0.997606381
1.642000000,0.997466089
1.644000000,0.997321807
1.646000000,0.997173536
1.648000000,0.997021276
1.650000000,0.996865028
1.652000000,0.996704793
1.654000000,0.996540571
1.656000000,0.996372362
1.658000000,0.996200169
1.660000000,0.996023990
1.662000000,0.995843827
1.664000000,0.995659681
1.666000000,0.995471552
1.668000000,0.995279442
1.670000000,0.995083350
1.672000000,0.994883278
1.674000000,0.994679226
1.676000000,0.994471196
1.678000000,0.994259187
1.680000000,0.994043202
1.682000000,0.993823241
1.684000000,0.993599304
1.686000000,0.993371393
1.688000000,0.993139508
1.690000000,0.992903651
1.692000000,0.992663822
1.694000000,0.992420023
1.696000000,0.992172254
1.698000000,0.991920516
1.700000000,0.991664810
1.702000000,0.991405138
1.704000000,0.991141501
1.706000000,0.990873898
1.708000000,0.990602332
1.710000000,0.990326804
1.712000000,0.990047315
1.714000000,0.989763865
1.716000000,0.989476456
1.718000000,0.989185089
1.720000000,0.988889766
1.722000000,0.988590487
1.724000000,0.988287254
1.726000000,0.987980067
1.728000000,0.987668929
1.730000000,0.987353840
1.732000000,0.987034801
1.734000000,0.986711815
1.736000000,0.986384881
1.738000000,0.986054002
1.740000000,0.985719179
1.742000000,0.985380413
1.744000000,0.985037705
1.746000000,0.984691057
1.748000000,0.984340471
1.750000000,0.983985947
1.752000000,0.983627487
1.754000000,0.983265093
1.756000000,0.982898765
1.758000000,0.982528506
1.760000000,0.982154317
1.762000000,0.981776199
1.764000000,0.981394155
1.766000000,0.981008184
1.768000000,0.980618290
1.770000000,0.980224473
1.772000000,0.979826735
1.774000000,0.979425078
1.776000000,0.979019503
1.778000000,0.978610012
1.780000000,0.978196607
1.782000000,0.977779289
1.784000000,0.977358059
1.786000000,0.976932921
1.788000000,0.976503874
1.790000000,0.976070922
1.792000000,0.975634065
1.794000000,0.975193306
1.796000000,0.974748646
1.798000000,0.974300087
1.800000000,0.973847631
1.802000000,0.973391279
1.804000000,0.972931034
1.806000000,0.972466897
1.808000000,0.971998871
1.810000000,0.971526956
1.812000000,0.971051155
1.814000000,0.970571470
1.816000000,0.970087903
1.818000000,0.969600455
1.820000000,0.969109129
1.822000000,0.968613926
1.824000000,0.968114849
1.826000000,0.967611900
1.828000000,0.967105080
1.830000000,0.966594392
1.832000000,0.966079837
1.834000000,0.965561418
1.836000000,0.965039137
1.838000000,0.964512996
1.840000000,0.963982996
1.842000000,0.963449141
1.844000000,0.962911432
1.846000000,0.962369871
1.848000000,0.961824461
1.850000000,0.961275203
1.852000000,0.960722100
1.854000000,0.960165155
1.856000000,0.959604369
1.858000000,0.959039744
1.860000000,0.958471283
1.862000000,0.957898988
1.864000000,0.957322862
1.866000000,0.956742907
1.868000000,0.956159124
1.870000000,0.955571517
1.872000000,0.954980087
1.874000000,0.954384838
1.876000000,0.953785771
1.878000000,0.953182889
1.880000000,0.952576194
1.882000000,0.951965689
1.884000000,0.951351376
1.886000000,0.950733258
1.888000000,0.950111337
1.890000000,0.949485615
1.892000000,0.948856095
1.894000000,0.948222780
1.896000000,0.947585672
1.898000000,0.946944774
1.900000000,0.946300088
1.902000000,0.945651616
1.904000000,0.944999362
1.906000000,0.944343329
1.908000000,0.943683517
1.910000000,0.943019931
1.912000000,0.942352573
1.914000000,0.941681446
1.916000000,0.941006551
1.918000000,0.940327893
1.920000000,0.939645474
1.922000000,0.938959296
1.924000000,0.938269362
1.926000000,0.937575675
1.928000000,0.936878237
1.930000000,0.936177052
1.932000000,0.935472123
1.934000000,0.934763451
1.936000000,0.934051041
1.938000000,0.933334894
1.940000000,0.932615014
1.942000000,0.931891404
1.944000000,0.931164065
1.946000000,0.930433003
1.948000000,0.929698218
1.950000000,0.928959715
1.952000000,0.928217496
1.954000000,0.927471564
1.956000000,0.926721922
1.958000000,0.925968573
1.960000000,0.925211521
1.962000000,0.924450767
1.964000000,0.923686316
1.966000000,0.922918170
1.968000000,0.922146332
1.970000000,0.921370806
1.972000000,0.920591594
1.974000000,0.919808700
1.976000000,0.919022127
1.978000000,0.918231878
1.980000000,0.917437955
1.982000000,0.916640363
1.984000000,0.915839105
1.986000000,0.915034183
1.988000000,0.914225600
1.990000000,0.913413361
1.992000000,0.912597469
1.994000000,0.911777926
1.996000000,0.910954735
1.998000000,0.910127901
2.000000000,0.909297427
2.002000000,0.908463315
2.004000000,0.907625570
2.006000000,0.906784193
2.008000000,0.905939190
2.010000000,0.905090563
2.012000000,0.904238316
2.014000000,0.903382452
2.016000000,0.902522974
2.018000000,0.901659886
2.020000000,0.900793192
2.022000000,0.899922894
2.024000000,0.899048996
2.026000000,0.898171503
2.028000000,0.897290417
2.030000000,0.896405741
2.032000000,0.895517480
2.034000000,0.894625637
2.036000000,0.893730215
2.038000000,0.892831219
2.040000000,0.891928651
2.042000000,0.891022515
2.044000000,0.890112816
2.046000000,0.889199556
2.048000000,0.888282739
2.050000000,0.887362369
2.052000000,0.886438449
2.054000000,0.885510984
2.056000000,0.884579977
2.058000000,0.883645431
2.060000000,0.882707351
2.062000000,0.881765740
2.064000000,0.880820602
2.066000000,0.879871940
2.068000000,0.878919760
2.070000000,0.877964063
2.072000000,0.877004855
2.074000000,0.876042138
2.076000000,0.875075918
2.078000000,0.874106197
2.080000000,0.873132980
2.082000000,0.872156270
2.084000000,0.871176071
2.086000000,0.870192388
2.088000000,0.869205224
2.090000000,0.868214583
2.092000000,0.867220470
2.094000000,0.866222887
2.096000000,0.865221840
2.098000000,0.864217332
2.100000000,0.863209367
2.102000000,0.862197949
2.104000000,0.861183082
2.106000000,0.860164770
2.108000000,0.859143018
2.110000000,0.858117830
2.112000000,0.857089208
2.114000000,0.856057159
2.116000000,0.855021685
2.118000000,0.853982791
2.120000000,0.852940482
2.122000000,0.851894760
2.124000000,0.850845631
2.126000000,0.849793098
2.128000000,0.848737167
2.130000000,0.847677840
2.132000000,0.846615123
2.134000000,0.845549019
2.136000000,0.844479533
2.138000000,0.843406669
2.140000000,0.842330432
2.142000000,0.841250825
2.144000000,0.840167853
2.146000000,0.839081520
2.148000000,0.837991832
2.150000000,0.836898791
2.152000000,0.835802402
2.154000000,0.834702671
2.156000000,0.833599600
2.158000000,0.832493196
2.160000000,0.831383461
2.162000000,0.830270400
2.164000000,0.829154019
2.166000000,0.828034321
2.168000000,0.826911311
2.170000000,0.825784993
2.172000000,0.824655372
2.174000000,0.823522453
2.176000000,0.822386239
2.178000000,0.821246736
2.180000000,0.820103948
2.182000000,0.818957879
2.184000000,0.817808535
2.186000000,0.816655919
2.188000000,0.815500037
2.190000000,0.814340892
2.192000000,0.813178491
2.194000000,0.812012836
2.196000000,0.810843934
2.198000000,0.809671788
2.200000000,0.808496404
2.202000000,0.807317785
2.204000000,0.806135938
2.206000000,0.804950865
2.208000000,0.803762573
2.210000000,0.802571066
2.212000000,0.801376349
2.214000000,0.800178426
2.216000000,0.798977302
2.218000000,0.797772983
2.220000000,0.796565472
2.222000000,0.795354775
2.224000000,0.794140897
2.226000000,0.792923842
2.228000000,0.791703616
2.230000000,0.790480222
2.232000000,0.789253667
2.234000000,0.788023955
2.236000000,0.786791090
2.238000000,0.785555079
2.240000000,0.784315925
2.242000000,0.783073634
2.244000000,0.781828211
2.246000000,0.780579660
2.248000000,0.779327987
2.250000000,0.778073197
2.252000000,0.776815294
2.254000000,0.775554285
2.256000000,0.774290172
2.258000000,0.773022963
2.260000000,0.771752662
2.262000000,0.770479274
2.264000000,0.769202804
2.266000000,0.767923257
2.268000000,0.766640638
2.270000000,0.765354953
2.272000000,0.764066206
2.274000000,0.762774403
2.276000000,0.761479549
2.278000000,0.760181649
2.280000000,0.758880708
2.282000000,0.757576732
2.284000000,0.756269725
2.286000000,0.754959694
2.288000000,0.753646642
2.290000000,0.752330576
2.292000000,0.751011501
2.294000000,0.749689422
2.296000000,0.748364344
2.298000000,0.747036272
2.300000000,0.745705212
2.302000000,0.744371170
2.304000000,0.743034150
2.306000000,0.741694157
2.308000000,0.740351198
2.310000000,0.739005278
2.312000000,0.737656402
2.314000000,0.736304575
2.316000000,0.734949802
2.318000000,0.733592090
2.320000000,0.732231444
2.322000000,0.730867869
2.324000000,0.729501370
2.326000000,0.728131953
2.328000000,0.726759624
2.330000000,0.725384387
2.332000000,0.724006250
2.334000000,0.722625216
2.336000000,0.721241291
2.338000000,0.719854482
2.340000000,0.718464793
2.342000000,0.717072230
2.344000000,0.715676799
2.346000000,0.714278506
2.348000000,0.712877355
2.350000000,0.711473353
2.352000000,0.710066505
2.354000000,0.708656816
2.356000000,0.707244293
2.358000000,0.705828941
2.360000000,0.704410766
2.362000000,0.702989773
2.364000000,0.701565968
2.366000000,0.700139357
2.368000000,0.698709945
2.370000000,0.697277738
2.372000000,0.695842743
2.374000000,0.694404963
2.376000000,0.692964407
2.378000000,0.691521078
2.380000000,0.690074984
2.382000000,0.688626129
2.384000000,0.687174519
2.386000000,0.685720161
2.388000000,0.684263060
2.390000000,0.682803222
2.392000000,0.681340653
2.394000000,0.679875358
2.396000000,0.678407344
2.398000000,0.676936616
2.400000000,0.675463181
2.402000000,0.673987043
2.404000000,0.672508210
2.406000000,0.671026687
2.408000000,0.669542479
2.410000000,0.668055593
2.412000000,0.666566036
2.414000000,0.665073811
2.416000000,0.663578927
2.418000000,0.662081388
2.420000000,0.660581201
2.422000000,0.659078372
2.424000000,0.657572906
2.426000000,0.656064810
2.428000000,0.654554090
2.430000000,0.653040752
2.432000000,0.651524801
2.434000000,0.650006244
2.436000000,0.648485088
2.438000000,0.646961337
2.440000000,0.645434998
2.442000000,0.643906078
2.444000000,0.642374582
2.446000000,0.640840517
2.448000000,0.639303888
2.450000000,0.637764702
2.452000000,0.636222965
2.454000000,0.634678683
2.456000000,0.633131863
2.458000000,0.631582509
2.460000000,0.630030630
2.462000000,0.628476230
2.464000000,0.626919317
2.466000000,0.625359896
2.468000000,0.623797973
2.470000000,0.622233555
2.472000000,0.620666649
2.474000000,0.619097259
2.476000000,0.617525393
2.478000000,0.615951058
2.480000000,0.614374258
2.482000000,0.612795001
2.484000000,0.611213292
2.486000000,0.609629139
2.488000000,0.608042547
2.490000000,0.606453523
2.492000000,0.604862074
2.494000000,0.603268204
2.496000000,0.601671922
2.498000000,0.600073233
2.500000000,0.598472144
2.502000000,0.596868661
2.504000000,0.595262790
2.506000000,0.593654539
2.508000000,0.592043913
2.510000000,0.590430918
2.512000000,0.588815562
2.514000000,0.587197851
2.516000000,0.585577790
2.518000000,0.583955388
2.520000000,0.582330650
2.522000000,0.580703582
2.524000000,0.579074191
2.526000000,0.577442485
2.528000000,0.575808468
2.530000000,0.574172148
2.532000000,0.572533532
2.534000000,0.570892625
2.536000000,0.569249435
2.538000000,0.567603968
2.540000000,0.565956230
2.542000000,0.564306229
2.544000000,0.562653970
2.546000000,0.560999461
2.548000000,0.559342708
2.550000000,0.557683717
2.552000000,0.556022496
2.554000000,0.554359051
2.556000000,0.552693388
2.558000000,0.551025514
2.560000000,0.549355436
2.562000000,0.547683161
2.564000000,0.546008695
2.566000000,0.544332045
2.568000000,0.542653218
2.570000000,0.540972220
2.572000000,0.539289059
2.574000000,0.537603740
2.576000000,0.535916270
2.578000000,0.534226657
2.580000000,0.532534908
2.582000000,0.530841028
2.584000000,0.529145024
2.586000000,0.527446904
2.588000000,0.525746674
2.590000000,0.524044342
2.592000000,0.522339913
2.594000000,0.520633394
2.596000000,0.518924794
2.598000000,0.517214117
2.600000000,0.515501372
2.602000000,0.513786564
2.604000000,0.512069702
2.606000000,0.510350791
2.608000000,0.508629839
2.610000000,0.506906852
2.612000000,0.505181838
2.614000000,0.503454803
2.616000000,0.501725754
2.618000000,0.499994698
2.620000000,0.498261642
2.622000000,0.496526594
2.624000000,0.494789559
2.626000000,0.493050545
2.628000000,0.491309558
2.630000000,0.489566607
2.632000000,0.487821697
2.634000000,0.486074836
2.636000000,0.484326031
2.638000000,0.482575288
2.640000000,0.480822615
2.642000000,0.479068019
2.644000000,0.477311506
2.646000000,0.475553084
2.648000000,0.473792760
2.650000000,0.472030541
2.652000000,0.470266434
2.654000000,0.468500446
2.656000000,0.466732583
2.658000000,0.464962854
2.660000000,0.463191265
2.662000000,0.461417823
2.664000000,0.459642535
2.666000000,0.457865409
2.668000000,0.456086452
2.670000000,0.454305670
2.672000000,0.452523071
2.674000000,0.450738661
2.676000000,0.448952449
2.678000000,0.447164441
2.680000000,0.445374645
2.682000000,0.443583066
2.684000000,0.441789714
2.686000000,0.439994594
2.688000000,0.438197715
2.690000000,0.436399082
2.692000000,0.434598704
2.694000000,0.432796588
2.696000000,0.430992740
2.698000000,0.429187169
2.700000000,0.427379880
2.702000000,0.425570882
2.704000000,0.423760182
2.706000000,0.421947787
2.708000000,0.420133704
2.710000000,0.418317941
2.712000000,0.416500504
2.714000000,0.414681401
2.716000000,0.412860640
2.718000000,0.411038227
2.720000000,0.409214170
2.722000000,0.407388476
2.724000000,0.405561152
2.726000000,0.403732207
2.728000000,0.401901646
2.730000000,0.400069478
2.732000000,0.398235709
2.734000000,0.396400348
2.736000000,0.394563400
2.738000000,0.392724875
2.740000000,0.390884779
2.742000000,0.389043119
2.744000000,0.387199903
2.746000000,0.385355138
2.748000000,0.383508832
2.750000000,0.381660992
2.752000000,0.379811625
2.754000000,0.377960739
2.756000000,0.376108341
2.758000000,0.374254439
2.760000000,0.372399039
2.762000000,0.370542150
2.764000000,0.368683779
2.766000000,0.366823933
2.768000000,0.364962620
2.770000000,0.363099847
2.772000000,0.361235622
2.774000000,0.359369951
2.776000000,0.357502844
2.778000000,0.355634306
2.780000000,0.353764345
2.782000000,0.351892970
2.784000000,0.350020187
2.786000000,0.348146004
2.788000000,0.346270428
2.790000000,0.344393467
2.792000000,0.342515129
2.794000000,0.340635421
2.796000000,0.338754350
2.798000000,0.336871924
2.800000000,0.334988150
2.802000000,0.333103037
2.804000000,0.331216591
2.806000000,0.329328820
2.808000000,0.327439732
2.810000000,0.325549335
2.812000000,0.323657635
2.814000000,0.321764640
2.816000000,0.319870358
2.818000000,0.317974797
2.820000000,0.316077964
2.822000000,0.314179867
2.824000000,0.312280513
2.826000000,0.310379910
2.828000000,0.308478065
2.830000000,0.306574986
2.832000000,0.304670681
2.834000000,0.302765158
2.836000000,0.300858423
2.838000000,0.298950485
2.840000000,0.297041351
2.842000000,0.295131029
2.844000000,0.293219527
2.846000000,0.291306851
2.848000000,0.289393011
2.850000000,0.287478012
2.852000000,0.285561864
2.854000000,0.283644574
2.856000000,0.281726149
2.858000000,0.279806597
2.860000000,0.277885926
2.862000000,0.275964143
2.864000000,0.274041257
2.866000000,0.272117274
2.868000000,0.270192203
2.870000000,0.268266051
2.872000000,0.266338826
2.874000000,0.264410536
2.876000000,0.262481188
2.878000000,0.260550790
2.880000000,0.258619350
2.882000000,0.256686875
2.884000000,0.254753374
2.886000000,0.252818853
2.888000000,0.250883322
2.890000000,0.248946787
2.892000000,0.247009256
2.894000000,0.245070737
2.896000000,0.243131238
2.898000000,0.241190766
2.900000000,0.239249329
2.902000000,0.237306936
2.904000000,0.235363593
2.906000000,0.233419309
2.908000000,0.231474091
2.910000000,0.229527947
2.912000000,0.227580885
2.914000000,0.225632913
2.916000000,0.223684038
2.918000000,0.221734269
2.920000000,0.219783612
2.922000000,0.217832077
2.924000000,0.215879670
2.926000000,0.213926399
2.928000000,0.211972273
2.930000000,0.210017299
2.932000000,0.208061485
2.934000000,0.206104839
2.936000000,0.204147368
2.938000000,0.202189081
2.940000000,0.200229985
2.942000000,0.198270088
2.944000000,0.196309398
2.946000000,0.194347922
2.948000000,0.192385670
2.950000000,0.190422647
2.952000000,0.188458863
2.954000000,0.186494326
2.956000000,0.184529042
2.958000000,0.182563020
2.960000000,0.180596268
2.962000000,0.178628793
2.964000000,0.176660604
2.966000000,0.174691709
2.968000000,0.172722114
2.970000000,0.170751829
2.972000000,0.168780861
2.974000000,0.166809217
2.976000000,0.164836906
2.978000000,0.162863936
2.980000000,0.160890315
2.982000000,0.158916050
2.984000000,0.156941149
2.986000000,0.154965621
2.988000000,0.152989472
2.990000000,0.151012712
2.992000000,0.149035348
2.994000000,0.147057387
2.996000000,0.145078839
2.998000000,0.143099709
3.000000000,0.141120008
3.002000000,0.139139742
3.004000000,0.137158920
3.006000000,0.135177549
3.008000000,0.133195637
3.010000000,0.131213192
3.012000000,0.129230223
3.014000000,0.127246736
3.016000000,0.125262741
3.018000000,0.123278245
3.020000000,0.121293255
3.022000000,0.119307780
3.024000000,0.117321828
3.026000000,0.115335407
3.028000000,0.113348525
3.030000000,0.111361189
3.032000000,0.109373407
3.034000000,0.107385188
3.036000000,0.105396540
3.038000000,0.103407470
3.040000000,0.101417986
3.042000000,0.099428097
3.044000000,0.097437810
3.046000000,0.095447133
3.048000000,0.093456075
3.050000000,0.091464642
3.052000000,0.089472844
3.054000000,0.087480688
3.056000000,0.085488182
3.058000000,0.083495334
3.060000000,0.081502152
3.062000000,0.079508644
3.064000000,0.077514818
3.066000000,0.075520682
3.068000000,0.073526243
3.070000000,0.071531511
3.072000000,0.069536493
3.074000000,0.067541196
3.076000000,0.065545629
3.078000000,0.063549801
3.080000000,0.061553717
3.082000000,0.059557388
3.084000000,0.057560821
3.086000000,0.055564023
3.088000000,0.053567003
3.090000000,0.051569768
3.092000000,0.049572328
3.094000000,0.047574689
3.096000000,0.045576860
3.098000000,0.043578848
3.100000000,0.041580662
3.102000000,0.039582310
3.104000000,0.037583800
3.106000000,0.035585139
3.108000000,0.033586336
3.110000000,0.031587398
3.112000000,0.029588335
3.114000000,0.027589152
3.116000000,0.025589860
3.118000000,0.023590465
3.120000000,0.021590976
3.122000000,0.019591400
3.124000000,0.017591746
3.126000000,0.015592022
3.128000000,0.013592235
3.130000000,0.011592394
3.132000000,0.009592506
3.134000000,0.007592581
3.136000000,0.005592624
3.138000000,0.003592646
3.140000000,0.001592653
3.142000000,-0.000407346
3.144000000,-0.002407344
3.146000000,-0.004407332
3.148000000,-0.006407303
3.150000000,-0.008407247
3.152000000,-0.010407159
3.154000000,-0.012407028
3.156000000,-0.014406848
3.158000000,-0.016406610
3.160000000,-0.018406307
3.162000000,-0.020405930
3.164000000,-0.022405471
3.166000000,-0.024404923
3.168000000,-0.026404277
3.170000000,-0.028403526
3.172000000,-0.030402661
3.174000000,-0.032401674
3.176000000,-0.034400558
3.178000000,-0.036399304
3.180000000,-0.038397905
3.182000000,-0.040396351
3.184000000,-0.042394637
3.186000000,-0.044392753
3.188000000,-0.046390691
3.190000000,-0.048388443
3.192000000,-0.050386002
3.194000000,-0.052383360
3.196000000,-0.054380508
3.198000000,-0.056377438
3.200000000,-0.058374143
3.202000000,-0.060370615
3.204000000,-0.062366845
3.206000000,-0.064362825
3.208000000,-0.066358548
3.210000000,-0.068354006
3.212000000,-0.070349190
3.214000000,-0.072344093
3.216000000,-0.074338707
3.218000000,-0.076333023
3.220000000,-0.078327033
3.222000000,-0.080320731
3.224000000,-0.082314107
3.226000000,-0.084307154
3.228000000,-0.086299864
3.230000000,-0.088292228
3.232000000,-0.090284240
3.234000000,-0.092275890
3.236000000,-0.094267171
3.238000000,-0.096258075
3.240000000,-0.098248594
3.242000000,-0.100238720
3.244000000,-0.102228445
3.246000000,-0.104217761
3.248000000,-0.106206660
3.250000000,-0.108195135
3.252000000,-0.110183176
3.254000000,-0.112170777
3.256000000,-0.114157929
3.258000000,-0.116144625
3.260000000,-0.118130856
3.262000000,-0.120116614
3.264000000,-0.122101892
3.266000000,-0.124086682
3.268000000,-0.126070975
3.270000000,-0.128054764
3.272000000,-0.130038041
3.274000000,-0.132020798
3.276000000,-0.134003026
3.278000000,-0.135984719
3.280000000,-0.137965867
3.282000000,-0.139946464
3.284000000,-0.141926501
3.286000000,-0.143905970
3.288000000,-0.145884864
3.290000000,-0.147863174
3.292000000,-0.149840892
3.294000000,-0.151818012
3.296000000,-0.153794524
3.298000000,-0.155770420
3.300000000,-0.157745694
3.302000000,-0.159720337
3.304000000,-0.161694341
3.306000000,-0.163667698
3.308000000,-0.165640400
3.310000000,-0.167612440
3.312000000,-0.169583809
3.314000000,-0.171554500
3.316000000,-0.173524505
3.318000000,-0.175493816
3.320000000,-0.177462425
3.322000000,-0.179430324
3.324000000,-0.181397505
3.326000000,-0.183363961
3.328000000,-0.185329683
3.330000000,-0.187294664
3.332000000,-0.189258895
3.334000000,-0.191222370
3.336000000,-0.193185080
3.338000000,-0.195147017
3.340000000,-0.197108173
3.342000000,-0.199068541
3.344000000,-0.201028113
3.346000000,-0.202986880
3.348000000,-0.204944836
3.350000000,-0.206901972
3.352000000,-0.208858280
3.354000000,-0.210813753
3.356000000,-0.212768382
3.358000000,-0.214722161
3.360000000,-0.216675080
3.362000000,-0.218627133
3.364000000,-0.220578312
3.366000000,-0.222528608
3.368000000,-0.224478014
3.370000000,-0.226426522
3.372000000,-0.228374124
3.374000000,-0.230320813
3.376000000,-0.232266581
3.378000000,-0.234211419
3.380000000,-0.236155321
3.382000000,-0.238098278
3.384000000,-0.240040282
3.386000000,-0.241981327
3.388000000,-0.243921403
3.390000000,-0.245860504
3.392000000,-0.247798622
3.394000000,-0.249735748
3.396000000,-0.251671875
3.398000000,-0.253606996
3.400000000,-0.255541102
3.402000000,-0.257474186
3.404000000,-0.259406240
3.406000000,-0.261337257
3.408000000,-0.263267228
3.410000000,-0.265196146
3.412000000,-0.267124003
3.414000000,-0.269050792
3.416000000,-0.270976505
3.418000000,-0.272901133
3.420000000,-0.274824670
3.422000000,-0.276747108
3.424000000,-0.278668439
3.426000000,-0.280588655
3.428000000,-0.282507749
3.430000000,-0.284425713
3.432000000,-0.286342539
3.434000000,-0.288258219
3.436000000,-0.290172747
3.438000000,-0.292086114
3.440000000,-0.293998312
3.442000000,-0.295909335
3.444000000,-0.297819174
3.446000000,-0.299727822
3.448000000,-0.301635270
3.450000000,-0.303541513
3.452000000,-0.305446541
3.454000000,-0.307350347
3.456000000,-0.309252924
3.458000000,-0.311154264
3.460000000,-0.313054359
3.462000000,-0.314953202
3.464000000,-0.316850785
3.466000000,-0.318747101
3.468000000,-0.320642142
3.470000000,-0.322535900
3.472000000,-0.324428368
3.474000000,-0.326319539
3.476000000,-0.328209404
3.478000000,-0.330097956
3.480000000,-0.331985188
3.482000000,-0.333871092
3.484000000,-0.335755661
3.486000000,-0.337638886
3.488000000,-0.339520761
3.490000000,-0.341401278
3.492000000,-0.343280429
3.494000000,-0.345158207
3.496000000,-0.347034605
3.498000000,-0.348909614
3.500000000,-0.350783228
3.502000000,-0.352655438
3.504000000,-0.354526238
3.506000000,-0.356395620
3.508000000,-0.358263576
3.510000000,-0.360130099
3.512000000,-0.361995182
3.514000000,-0.363858817
3.516000000,-0.365720996
3.518000000,-0.367581712
3.520000000,-0.369440959
3.522000000,-0.371298727
3.524000000,-0.373155010
3.526000000,-0.375009800
3.528000000,-0.376863091
3.530000000,-0.378714874
3.532000000,-0.380565142
3.534000000,-0.382413888
3.536000000,-0.384261104
3.538000000,-0.386106783
3.540000000,-0.387950918
3.542000000,-0.389793501
3.544000000,-0.391634525
3.546000000,-0.393473982
3.548000000,-0.395311865
3.550000000,-0.397148167
3.552000000,-0.398982881
3.554000000,-0.400815998
3.556000000,-0.402647513
3.558000000,-0.404477416
3.560000000,-0.406305702
3.562000000,-0.408132363
3.564000000,-0.409957391
3.566000000,-0.411780779
3.568000000,-0.413602520
3.570000000,-0.415422607
3.572000000,-0.417241032
3.574000000,-0.419057788
3.576000000,-0.420872868
3.578000000,-0.422686264
3.580000000,-0.424497969
3.582000000,-0.426307977
3.584000000,-0.428116279
3.586000000,-0.429922869
3.588000000,-0.431727739
3.590000000,-0.433530883
3.592000000,-0.435332292
3.594000000,-0.437131960
3.596000000,-0.438929879
3.598000000,-0.440726043
3.600000000,-0.442520443
3.602000000,-0.444313074
3.604000000,-0.446103927
3.606000000,-0.447892996
3.608000000,-0.449680274
3.610000000,-0.451465752
3.612000000,-0.453249425
3.614000000,-0.455031285
3.616000000,-0.456811324
3.618000000,-0.458589537
3.620000000,-0.460365915
3.622000000,-0.462140451
3.624000000,-0.463913139
3.626000000,-0.465683972
3.628000000,-0.467452941
3.630000000,-0.469220041
3.632000000,-0.470985264
3.634000000,-0.472748603
3.636000000,-0.474510051
3.638000000,-0.476269601
3.640000000,-0.478027246
3.642000000,-0.479782979
3.644000000,-0.481536793
3.646000000,-0.483288680
3.648000000,-0.485038634
3.650000000,-0.486786649
3.652000000,-0.488532716
3.654000000,-0.490276829
3.656000000,-0.492018980
3.658000000,-0.493759164
3.660000000,-0.495497373
3.662000000,-0.497233600
3.664000000,-0.498967837
3.666000000,-0.500700079
3.668000000,-0.502430318
3.670000000,-0.504158548
3.672000000,-0.505884761
3.674000000,-0.507608950
3.676000000,-0.509331109
3.678000000,-0.511051230
3.680000000,-0.512769307
3.682000000,-0.514485334
3.684000000,-0.516199302
3.686000000,-0.517911205
3.688000000,-0.519621037
3.690000000,-0.521328790
3.692000000,-0.523034458
3.694000000,-0.524738034
3.696000000,-0.526439511
3.698000000,-0.528138882
3.700000000,-0.529836141
3.702000000,-0.531531280
3.704000000,-0.533224293
3.706000000,-0.534915174
3.708000000,-0.536603914
3.710000000,-0.538290508
3.712000000,-0.539974949
3.714000000,-0.541657230
3.716000000,-0.543337345
3.718000000,-0.545015286
3.720000000,-0.546691047
3.722000000,-0.548364621
3.724000000,-0.550036002
3.726000000,-0.551705183
3.728000000,-0.553372157
3.730000000,-0.555036917
3.732000000,-0.556699457
3.734000000,-0.558359771
3.736000000,-0.560017851
3.738000000,-0.561673691
3.740000000,-0.563327284
3.742000000,-0.564978624
3.744000000,-0.566627704
3.746000000,-0.568274518
3.748000000,-0.569919058
3.750000000,-0.571561319
3.752000000,-0.573201293
3.754000000,-0.574838975
3.756000000,-0.576474357
3.758000000,-0.578107434
3.760000000,-0.579738198
3.762000000,-0.581366643
3.764000000,-0.582992762
3.766000000,-0.584616550
3.768000000,-0.586237999
3.770000000,-0.587857103
3.772000000,-0.589473856
3.774000000,-0.591088251
3.776000000,-0.592700282
3.778000000,-0.594309941
3.780000000,-0.595917224
3.782000000,-0.597522123
3.784000000,-0.599124631
3.786000000,-0.600724744
3.788000000,-0.602322453
3.790000000,-0.603917753
3.792000000,-0.605510637
3.794000000,-0.607101100
3.796000000,-0.608689134
3.798000000,-0.610274733
3.800000000,-0.611857891
3.802000000,-0.613438602
3.804000000,-0.615016858
3.806000000,-0.616592655
3.808000000,-0.618165986
3.810000000,-0.619736844
3.812000000,-0.621305222
3.814000000,-0.622871116
3.816000000,-0.624434518
3.818000000,-0.625995423
3.820000000,-0.627553823
3.822000000,-0.629109713
3.824000000,-0.630663087
3.826000000,-0.632213938
3.828000000,-0.633762260
3.830000000,-0.635308048
3.832000000,-0.636851294
3.834000000,-0.638391992
3.836000000,-0.639930137
3.838000000,-0.641465723
3.840000000,-0.642998742
3.842000000,-0.644529190
3.844000000,-0.646057059
3.846000000,-0.647582344
3.848000000,-0.649105039
3.850000000,-0.650625137
3.852000000,-0.652142633
3.854000000,-0.653657520
3.856000000,-0.655169793
3.858000000,-0.656679445
3.860000000,-0.658186470
3.862000000,-0.659690863
3.864000000,-0.661192616
3.866000000,-0.662691725
3.868000000,-0.664188184
3.870000000,-0.665681985
3.872000000,-0.667173124
3.874000000,-0.668661594
3.876000000,-0.670147389
3.878000000,-0.671630504
3.880000000,-0.673110932
3.882000000,-0.674588668
3.884000000,-0.676063706
3.886000000,-0.677536039
3.888000000,-0.679005662
3.890000000,-0.680472569
3.892000000,-0.681936754
3.894000000,-0.683398212
3.896000000,-0.684856936
3.898000000,-0.686312920
3.900000000,-0.687766159
3.902000000,-0.689216647
3.904000000,-0.690664379
3.906000000,-0.692109347
3.908000000,-0.693551547
3.910000000,-0.694990973
3.912000000,-0.696427619
3.914000000,-0.697861479
3.916000000,-0.699292548
3.918000000,-0.700720820
3.920000000,-0.702146289
3.922000000,-0.703568949
3.924000000,-0.704988795
3.926000000,-0.706405821
3.928000000,-0.707820021
3.930000000,-0.709231390
3.932000000,-0.710639922
3.934000000,-0.712045612
3.936000000,-0.713448453
3.938000000,-0.714848441
3.940000000,-0.716245569
3.942000000,-0.717639832
3.944000000,-0.719031225
3.946000000,-0.720419742
3.948000000,-0.721805376
3.950000000,-0.723188124
3.952000000,-0.724567979
3.954000000,-0.725944936
3.956000000,-0.727318988
3.958000000,-0.728690132
3.960000000,-0.730058361
3.962000000,-0.731423669
3.964000000,-0.732786052
3.966000000,-0.734145504
3.968000000,-0.735502019
3.970000000,-0.736855592
3.972000000,-0.738206218
3.974000000,-0.739553891
3.976000000,-0.740898606
3.978000000,-0.742240357
3.980000000,-0.743579139
3.982000000,-0.744914947
3.984000000,-0.746247775
3.986000000,-0.747577618
3.988000000,-0.748904471
3.990000000,-0.750228328
3.992000000,-0.751549185
3.994000000,-0.752867035
3.996000000,-0.754181873
3.998000000,-0.755493695
4.000000000,-0.756802495
4.002000000,-0.758108268
4.004000000,-0.759411008
4.006000000,-0.760710711
4.008000000,-0.762007371
4.010000000,-0.763300983
4.012000000,-0.764591541
4.014000000,-0.765879042
4.016000000,-0.767163478
4.018000000,-0.768444846
4.020000000,-0.769723141
4.022000000,-0.770998356
4.024000000,-0.772270488
4.026000000,-0.773539530
4.028000000,-0.774805478
4.030000000,-0.776068327
4.032000000,-0.777328072
4.034000000,-0.778584707
4.036000000,-0.779838228
4.038000000,-0.781088630
4.040000000,-0.782335907
4.042000000,-0.783580055
4.044000000,-0.784821069
4.046000000,-0.786058943
4.048000000,-0.787293673
4.050000000,-0.788525254
4.052000000,-0.789753681
4.054000000,-0.790978949
4.056000000,-0.792201053
4.058000000,-0.793419988
4.060000000,-0.794635750
4.062000000,-0.795848333
4.064000000,-0.797057732
4.066000000,-0.798263944
4.068000000,-0.799466962
4.070000000,-0.800666782
4.072000000,-0.801863400
4.074000000,-0.803056810
4.076000000,-0.804247008
4.078000000,-0.805433989
4.080000000,-0.806617749
4.082000000,-0.807798281
4.084000000,-0.808975583
4.086000000,-0.810149649
4.088000000,-0.811320474
4.090000000,-0.812488054
4.092000000,-0.813652384
4.094000000,-0.814813459
4.096000000,-0.815971275
4.098000000,-0.817125827
4.100000000,-0.818277111
4.102000000,-0.819425122
4.104000000,-0.820569855
4.106000000,-0.821711305
4.108000000,-0.822849469
4.110000000,-0.823984341
4.112000000,-0.825115918
4.114000000,-0.826244194
4.116000000,-0.827369165
4.118000000,-0.828490826
4.120000000,-0.829609174
4.122000000,-0.830724203
4.124000000,-0.831835909
4.126000000,-0.832944288
4.128000000,-0.834049335
4.130000000,-0.835151046
4.132000000,-0.836249416
4.134000000,-0.837344441
4.136000000,-0.838436117
4.138000000,-0.839524439
4.140000000,-0.840609404
4.142000000,-0.841691005
4.144000000,-0.842769240
4.146000000,-0.843844104
4.148000000,-0.844915592
4.150000000,-0.845983701
4.152000000,-0.847048426
4.154000000,-0.848109763
4.156000000,-0.849167707
4.158000000,-0.850222254
4.160000000,-0.851273401
4.162000000,-0.852321142
4.164000000,-0.853365475
4.166000000,-0.854406394
4.168000000,-0.855443895
4.170000000,-0.856477974
4.172000000,-0.857508628
4.174000000,-0.858535851
4.176000000,-0.859559640
4.178000000,-0.860579992
4.180000000,-0.861596900
4.182000000,-0.862610363
4.184000000,-0.863620375
4.186000000,-0.864626932
4.188000000,-0.865630031
4.190000000,-0.866629667
4.192000000,-0.867625837
4.194000000,-0.868618537
4.196000000,-0.869607762
4.198000000,-0.870593508
4.200000000,-0.871575772
4.202000000,-0.872554550
4.204000000,-0.873529838
4.206000000,-0.874501631
4.208000000,-0.875469927
4.210000000,-0.876434720
4.212000000,-0.877396008
4.214000000,-0.878353787
4.216000000,-0.879308052
4.218000000,-0.880258799
4.220000000,-0.881206026
4.222000000,-0.882149728
4.224000000,-0.883089901
4.226000000,-0.884026542
4.228000000,-0.884959646
4.230000000,-0.885889211
4.232000000,-0.886815233
4.234000000,-0.887737707
4.236000000,-0.888656630
4.238000000,-0.889571998
4.240000000,-0.890483809
4.242000000,-0.891392057
4.244000000,-0.892296740
4.246000000,-0.893197853
4.248000000,-0.894095394
4.250000000,-0.894989358
4.252000000,-0.895879743
4.254000000,-0.896766544
4.256000000,-0.897649757
4.258000000,-0.898529381
4.260000000,-0.899405410
4.262000000,-0.900277841
4.264000000,-0.901146672
4.266000000,-0.902011897
4.268000000,-0.902873515
4.270000000,-0.903731521
4.272000000,-0.904585913
4.274000000,-0.905436686
4.276000000,-0.906283837
4.278000000,-0.907127363
4.280000000,-0.907967261
4.282000000,-0.908803526
4.284000000,-0.909636157
4.286000000,-0.910465149
4.288000000,-0.911290499
4.290000000,-0.912112204
4.292000000,-0.912930260
4.294000000,-0.913744665
4.296000000,-0.914555415
4.298000000,-0.915362507
4.300000000,-0.916165937
4.302000000,-0.916965702
4.304000000,-0.917761800
4.306000000,-0.918554226
4.308000000,-0.919342979
4.310000000,-0.920128054
4.312000000,-0.920909448
4.314000000,-0.921687159
4.316000000,-0.922461183
4.318000000,-0.923231517
4.320000000,-0.923998159
4.322000000,-0.924761104
4.324000000,-0.925520350
4.326000000,-0.926275895
4.328000000,-0.927027734
4.330000000,-0.927775865
4.332000000,-0.928520285
4.334000000,-0.929260990
4.336000000,-0.929997979
4.338000000,-0.930731248
4.340000000,-0.931460794
4.342000000,-0.932186614
4.344000000,-0.932908705
4.346000000,-0.933627065
4.348000000,-0.934341690
4.350000000,-0.935052578
4.352000000,-0.935759725
4.354000000,-0.936463130
4.356000000,-0.937162788
4.358000000,-0.937858698
4.360000000,-0.938550857
4.362000000,-0.939239261
4.364000000,-0.939923909
4.366000000,-0.940604796
4.368000000,-0.941281922
4.370000000,-0.941955282
4.372000000,-0.942624874
4.374000000,-0.943290696
4.376000000,-0.943952745
4.378000000,-0.944611018
4.380000000,-0.945265512
4.382000000,-0.945916226
4.384000000,-0.946563155
4.386000000,-0.947206299
4.388000000,-0.947845653
4.390000000,-0.948481217
4.392000000,-0.949112986
4.394000000,-0.949740959
4.396000000,-0.950365133
4.398000000,-0.950985505
4.400000000,-0.951602074
4.402000000,-0.952214836
4.404000000,-0.952823789
4.406000000,-0.953428931
4.408000000,-0.954030260
4.410000000,-0.954627772
4.412000000,-0.955221465
4.414000000,-0.955811338
4.416000000,-0.956397388
4.418000000,-0.956979611
4.420000000,-0.957558007
4.422000000,-0.958132573
4.424000000,-0.958703306
4.426000000,-0.959270205
4.428000000,-0.959833266
4.430000000,-0.960392488
4.432000000,-0.960947869
4.434000000,-0.961499405
4.436000000,-0.962047096
4.438000000,-0.962590938
4.440000000,-0.963130931
4.442000000,-0.963667070
4.444000000,-0.964199355
4.446000000,-0.964727783
4.448000000,-0.965252352
4.450000000,-0.965773061
4.452000000,-0.966289906
4.454000000,-0.966802886
4.456000000,-0.967311998
4.458000000,-0.967817242
4.460000000,-0.968318614
4.462000000,-0.968816113
4.464000000,-0.969309737
4.466000000,-0.969799483
4.468000000,-0.970285351
4.470000000,-0.970767337
4.472000000,-0.971245440
4.474000000,-0.971719658
4.476000000,-0.972189989
4.478000000,-0.972656431
4.480000000,-0.973118983
4.482000000,-0.973577643
4.484000000,-0.974032408
4.486000000,-0.974483276
4.488000000,-0.974930247
4.490000000,-0.975373319
4.492000000,-0.975812488
4.494000000,-0.976247755
4.496000000,-0.976679116
4.498000000,-0.977106571
4.500000000,-0.977530118
4.502000000,-0.977949754
4.504000000,-0.978365478
4.506000000,-0.978777289
4.508000000,-0.979185185
4.510000000,-0.979589164
4.512000000,-0.979989225
4.514000000,-0.980385366
4.516000000,-0.980777585
4.518000000,-0.981165882
4.520000000,-0.981550253
4.522000000,-0.981930698
4.524000000,-0.982307216
4.526000000,-0.982679804
4.528000000,-0.983048462
4.530000000,-0.983413188
4.532000000,-0.983773979
4.534000000,-0.984130836
4.536000000,-0.984483756
4.538000000,-0.984832739
4.540000000,-0.985177782
4.542000000,-0.985518884
4.544000000,-0.985856044
4.546000000,-0.986189261
4.548000000,-0.986518533
4.550000000,-0.986843859
4.552000000,-0.987165237
4.554000000,-0.987482667
4.556000000,-0.987796147
4.558000000,-0.988105676
4.560000000,-0.988411252
4.562000000,-0.988712875
4.564000000,-0.989010542
4.566000000,-0.989304254
4.568000000,-0.989594009
4.570000000,-0.989879805
4.572000000,-0.990161642
4.574000000,-0.990439518
4.576000000,-0.990713432
4.578000000,-0.990983384
4.580000000,-0.991249371
4.582000000,-0.991511394
4.584000000,-0.991769450
4.586000000,-0.992023539
4.588000000,-0.992273661
4.590000000,-0.992519813
4.592000000,-0.992761995
4.594000000,-0.993000206
4.596000000,-0.993234445
4.598000000,-0.993464711
4.600000000,-0.993691004
4.602000000,-0.993913321
4.604000000,-0.994131663
4.606000000,-0.994346028
4.608000000,-0.994556416
4.610000000,-0.994762826
4.612000000,-0.994965257
4.614000000,-0.995163708
4.616000000,-0.995358178
4.618000000,-0.995548667
4.620000000,-0.995735173
4.622000000,-0.995917697
4.624000000,-0.996096237
4.626000000,-0.996270792
4.628000000,-0.996441363
4.630000000,-0.996607947
4.632000000,-0.996770546
4.634000000,-0.996929157
4.636000000,-0.997083780
4.638000000,-0.997234415
4.640000000,-0.997381062
4.642000000,-0.997523718
4.644000000,-0.997662385
4.646000000,-0.997797061
4.648000000,-0.997927746
4.650000000,-0.998054439
4.652000000,-0.998177140
4.654000000,-0.998295848
4.656000000,-0.998410563
4.658000000,-0.998521284
4.660000000,-0.998628011
4.662000000,-0.998730744
4.664000000,-0.998829482
4.666000000,-0.998924224
4.668000000,-0.999014971
4.670000000,-0.999101722
4.672000000,-0.999184476
4.674000000,-0.999263234
4.676000000,-0.999337994
4.678000000,-0.999408757
4.680000000,-0.999475523
4.682000000,-0.999538290
4.684000000,-0.999597060
4.686000000,-0.999651831
4.688000000,-0.999702604
4.690000000,-0.999749377
4.692000000,-0.999792152
4.694000000,-0.999830927
4.696000000,-0.999865704
4.698000000,-0.999896480
4.700000000,-0.999923258
4.702000000,-0.999946035
4.704000000,-0.999964813
4.706000000,-0.999979591
4.708000000,-0.999990368
4.710000000,-0.999997146
4.712000000,-0.999999924
4.714000000,-0.999998702
4.716000000,-0.999993480
4.718000000,-0.999984258
4.720000000,-0.999971036
4.722000000,-0.999953815
4.724000000,-0.999932593
4.726000000,-0.999907372
4.728000000,-0.999878151
4.730000000,-0.999844930
4.732000000,-0.999807710
4.734000000,-0.999766491
4.736000000,-0.999721273
4.738000000,-0.999672056
4.740000000,-0.999618840
4.742000000,-0.999561626
4.744000000,-0.999500413
4.746000000,-0.999435203
4.748000000,-0.999365995
4.750000000,-0.999292789
4.752000000,-0.999215586
4.754000000,-0.999134386
4.756000000,-0.999049190
4.758000000,-0.998959998
4.760000000,-0.998866809
4.762000000,-0.998769626
4.764000000,-0.998668447
4.766000000,-0.998563273
4.768000000,-0.998454106
4.770000000,-0.998340944
4.772000000,-0.998223789
4.774000000,-0.998102641
4.776000000,-0.997977501
4.778000000,-0.997848369
4.780000000,-0.997715246
4.782000000,-0.997578131
4.784000000,-0.997437026
4.786000000,-0.997291932
4.788000000,-0.997142848
4.790000000,-0.996989776
4.792000000,-0.996832716
4.794000000,-0.996671669
4.796000000,-0.996506635
4.798000000,-0.996337614
4.800000000,-0.996164609
4.802000000,-0.995987619
4.804000000,-0.995806645
4.806000000,-0.995621687
4.808000000,-0.995432747
4.810000000,-0.995239826
4.812000000,-0.995042923
4.814000000,-0.994842041
4.816000000,-0.994637178
4.818000000,-0.994428338
4.820000000,-0.994215520
4.822000000,-0.993998724
4.824000000,-0.993777953
4.826000000,-0.993553207
4.828000000,-0.993324486
4.830000000,-0.993091793
4.832000000,-0.992855126
4.834000000,-0.992614489
4.836000000,-0.992369881
4.838000000,-0.992121303
4.840000000,-0.991868757
4.842000000,-0.991612244
4.844000000,-0.991351764
4.846000000,-0.991087319
4.848000000,-0.990818909
4.850000000,-0.990546536
4.852000000,-0.990270201
4.854000000,-0.989989905
4.856000000,-0.989705648
4.858000000,-0.989417433
4.860000000,-0.989125261
4.862000000,-0.988829132
4.864000000,-0.988529047
4.866000000,-0.988225009
4.868000000,-0.987917017
4.870000000,-0.987605074
4.872000000,-0.987289180
4.874000000,-0.986969338
4.876000000,-0.986645547
4.878000000,-0.986317810
4.880000000,-0.985986127
4.882000000,-0.985650501
4.884000000,-0.985310932
4.886000000,-0.984967422
4.888000000,-0.984619972
4.890000000,-0.984268583
4.892000000,-0.983913257
4.894000000,-0.983553996
4.896000000,-0.983190801
4.898000000,-0.982823672
4.900000000,-0.982452613
4.902000000,-0.982077623
4.904000000,-0.981698706
4.906000000,-0.981315861
4.908000000,-0.980929091
4.910000000,-0.980538398
4.912000000,-0.980143782
4.914000000,-0.979745246
4.916000000,-0.979342791
4.918000000,-0.978936418
4.920000000,-0.978526130
4.922000000,-0.978111928
4.924000000,-0.977693813
4.926000000,-0.977271787
4.928000000,-0.976845852
4.930000000,-0.976416010
4.932000000,-0.975982263
4.934000000,-0.975544611
4.936000000,-0.975103057
4.938000000,-0.974657603
4.940000000,-0.974208250
4.942000000,-0.973755000
4.944000000,-0.973297855
4.946000000,-0.972836817
4.948000000,-0.972371888
4.950000000,-0.971903069
4.952000000,-0.971430363
4.954000000,-0.970953771
4.956000000,-0.970473295
4.958000000,-0.969988937
4.960000000,-0.969500699
4.962000000,-0.969008584
4.964000000,-0.968512592
4.966000000,-0.968012726
4.968000000,-0.967508988
4.970000000,-0.967001380
4.972000000,-0.966489904
4.974000000,-0.965974562
4.976000000,-0.965455357
4.978000000,-0.964932289
4.980000000,-0.964405362
4.982000000,-0.963874577
4.984000000,-0.963339936
4.986000000,-0.962801442
4.988000000,-0.962259097
4.990000000,-0.961712903
4.992000000,-0.961162863
4.994000000,-0.960608977
4.996000000,-0.960051249
4.998000000,-0.959489681
5.000000000,-0.958924275
5.002000000,-0.958355033
5.004000000,-0.957781958
5.006000000,-0.957205051
5.008000000,-0.956624316
5.010000000,-0.956039754
5.012000000,-0.955451368
5.014000000,-0.954859161
5.016000000,-0.954263134
5.018000000,-0.953663290
5.020000000,-0.953059631
5.022000000,-0.952452160
5.024000000,-0.951840879
5.026000000,-0.951225791
5.028000000,-0.950606897
5.030000000,-0.949984202
5.032000000,-0.949357706
5.034000000,-0.948727414
5.036000000,-0.948093326
5.038000000,-0.947455446
5.040000000,-0.946813776
5.042000000,-0.946168318
5.044000000,-0.945519076
5.046000000,-0.944866052
5.048000000,-0.944209249
5.050000000,-0.943548669
5.052000000,-0.942884314
5.054000000,-0.942216188
5.056000000,-0.941544293
5.058000000,-0.940868632
5.060000000,-0.940189208
5.062000000,-0.939506022
5.064000000,-0.938819079
5.066000000,-0.938128380
5.068000000,-0.937433929
5.070000000,-0.936735728
5.072000000,-0.936033781
5.074000000,-0.935328089
5.076000000,-0.934618655
5.078000000,-0.933905484
5.080000000,-0.933188576
5.082000000,-0.932467936
5.084000000,-0.931743566
5.086000000,-0.931015470
5.088000000,-0.930283649
5.090000000,-0.929548106
5.092000000,-0.928808846
5.094000000,-0.928065871
5.096000000,-0.927319183
5.098000000,-0.926568786
5.100000000,-0.925814682
5.102000000,-0.925056876
5.104000000,-0.924295369
5.106000000,-0.923530165
5.108000000,-0.922761267
5.110000000,-0.921988678
5.112000000,-0.921212400
5.114000000,-0.920432438
5.116000000,-0.919648795
5.118000000,-0.918861472
5.120000000,-0.918070475
5.122000000,-0.917275805
5.124000000,-0.916477466
5.126000000,-0.915675460
5.128000000,-0.914869793
5.130000000,-0.914060466
5.132000000,-0.913247482
5.134000000,-0.912430846
5.136000000,-0.911610559
5.138000000,-0.910786627
5.140000000,-0.909959051
5.142000000,-0.909127835
5.144000000,-0.908292983
5.146000000,-0.907454498
5.148000000,-0.906612383
5.150000000,-0.905766641
5.152000000,-0.904917277
5.154000000,-0.904064293
5.156000000,-0.903207692
5.158000000,-0.902347479
5.160000000,-0.901483656
5.162000000,-0.900616227
5.164000000,-0.899745196
5.166000000,-0.898870566
5.168000000,-0.897992340
5.170000000,-0.897110523
5.172000000,-0.896225117
5.174000000,-0.895336126
5.176000000,-0.894443554
5.178000000,-0.893547404
5.180000000,-0.892647679
5.182000000,-0.891744385
5.184000000,-0.890837523
5.186000000,-0.889927098
5.188000000,-0.889013113
5.190000000,-0.888095572
5.192000000,-0.887174479
5.194000000,-0.886249837
5.196000000,-0.885321650
5.198000000,-0.884389922
5.200000000,-0.883454656
5.202000000,-0.882515856
5.204000000,-0.881573526
5.206000000,-0.880627670
5.208000000,-0.879678292
5.210000000,-0.878725395
5.212000000,-0.877768983
5.214000000,-0.876809059
5.216000000,-0.875845629
5.218000000,-0.874878695
5.220000000,-0.873908262
5.222000000,-0.872934333
5.224000000,-0.871956912
5.226000000,-0.870976004
5.228000000,-0.869991611
5.230000000,-0.869003739
5.232000000,-0.868012391
5.234000000,-0.867017570
5.236000000,-0.866019282
5.238000000,-0.865017529
5.240000000,-0.864012316
5.242000000,-0.863003648
5.244000000,-0.861991527
5.246000000,-0.860975958
5.248000000,-0.859956946
5.250000000,-0.858934493
5.252000000,-0.857908605
5.254000000,-0.856879286
5.256000000,-0.855846538
5.258000000,-0.854810368
5.260000000,-0.853770778
5.262000000,-0.852727773
5.264000000,-0.851681357
5.266000000,-0.850631534
5.268000000,-0.849578309
5.270000000,-0.848521685
5.272000000,-0.847461668
5.274000000,-0.846398261
5.276000000,-0.845331468
5.278000000,-0.844261293
5.280000000,-0.843187742
5.282000000,-0.842110818
5.284000000,-0.841030525
5.286000000,-0.839946869
5.288000000,-0.838859852
5.290000000,-0.837769480
5.292000000,-0.836675757
5.294000000,-0.835578688
5.296000000,-0.834478276
5.298000000,-0.833374526
5.300000000,-0.832267442
5.302000000,-0.831157030
5.304000000,-0.830043293
5.306000000,-0.828926235
5.308000000,-0.827805862
5.310000000,-0.826682178
5.312000000,-0.825555187
5.314000000,-0.824424894
5.316000000,-0.823291303
5.318000000,-0.822154419
5.320000000,-0.821014247
5.322000000,-0.819870790
5.324000000,-0.818724054
5.326000000,-0.817574043
5.328000000,-0.816420761
5.330000000,-0.815264214
5.332000000,-0.814104406
5.334000000,-0.812941342
5.336000000,-0.811775026
5.338000000,-0.810605462
5.340000000,-0.809432656
5.342000000,-0.808256613
5.344000000,-0.807077336
5.346000000,-0.805894832
5.348000000,-0.804709103
5.350000000,-0.803520156
5.352000000,-0.802327995
5.354000000,-0.801132624
5.356000000,-0.799934049
5.358000000,-0.798732274
5.360000000,-0.797527304
5.362000000,-0.796319144
5.364000000,-0.795107799
5.366000000,-0.793893273
5.368000000,-0.792675572
5.370000000,-0.791454700
5.372000000,-0.790230662
5.374000000,-0.789003463
5.376000000,-0.787773109
5.378000000,-0.786539603
5.380000000,-0.785302951
5.382000000,-0.784063158
5.384000000,-0.782820229
5.386000000,-0.781574168
5.388000000,-0.780324981
5.390000000,-0.779072673
5.392000000,-0.777817248
5.394000000,-0.776558712
5.396000000,-0.775297070
5.398000000,-0.774032327
5.400000000,-0.772764488
5.402000000,-0.771493557
5.404000000,-0.770219541
5.406000000,-0.768942443
5.408000000,-0.767662270
5.410000000,-0.766379027
5.412000000,-0.765092717
5.414000000,-0.763803348
5.416000000,-0.762510923
5.418000000,-0.761215448
5.420000000,-0.759916929
5.422000000,-0.758615369
5.424000000,-0.757310775
5.426000000,-0.756003152
5.428000000,-0.754692505
5.430000000,-0.753378839
5.432000000,-0.752062160
5.434000000,-0.750742472
5.436000000,-0.749419782
5.438000000,-0.748094094
5.440000000,-0.746765413
5.442000000,-0.745433745
5.444000000,-0.744099096
5.446000000,-0.742761470
5.448000000,-0.741420873
5.450000000,-0.740077310
5.452000000,-0.738730788
5.454000000,-0.737381310
5.456000000,-0.736028883
5.458000000,-0.734673511
5.460000000,-0.733315201
5.462000000,-0.731953958
5.464000000,-0.730589786
5.466000000,-0.729222693
5.468000000,-0.727852682
5.470000000,-0.726479761
5.472000000,-0.725103933
5.474000000,-0.723725205
5.476000000,-0.722343582
5.478000000,-0.720959069
5.480000000,-0.719571673
5.482000000,-0.718181398
5.484000000,-0.716788251
5.486000000,-0.715392236
5.488000000,-0.713993360
5.490000000,-0.712591628
5.492000000,-0.711187046
5.494000000,-0.709779619
5.496000000,-0.708369353
5.498000000,-0.706956253
5.500000000,-0.705540326
5.502000000,-0.704121576
5.504000000,-0.702700010
5.506000000,-0.701275633
5.508000000,-0.699848451
5.510000000,-0.698418469
5.512000000,-0.696985694
5.514000000,-0.695550131
5.516000000,-0.694111786
5.518000000,-0.692670664
5.520000000,-0.691226772
5.522000000,-0.689780114
5.524000000,-0.688330698
5.526000000,-0.686878528
5.528000000,-0.685423611
5.530000000,-0.683965952
5.532000000,-0.682505557
5.534000000,-0.681042432
5.536000000,-0.679576583
5.538000000,-0.678108016
5.540000000,-0.676636736
5.542000000,-0.675162750
5.544000000,-0.673686063
5.546000000,-0.672206681
5.548000000,-0.670724611
5.550000000,-0.669239857
5.552000000,-0.667752427
5.554000000,-0.666262326
5.556000000,-0.664769559
5.558000000,-0.663274134
5.560000000,-0.661776055
5.562000000,-0.660275329
5.564000000,-0.658771962
5.566000000,-0.657265961
5.568000000,-0.655757330
5.570000000,-0.654246076
5.572000000,-0.652732205
5.574000000,-0.651215723
5.576000000,-0.649696636
5.578000000,-0.648174950
5.580000000,-0.646650672
5.582000000,-0.645123807
5.584000000,-0.643594362
5.586000000,-0.642062342
5.588000000,-0.640527754
5.590000000,-0.638990604
5.592000000,-0.637450898
5.594000000,-0.635908642
5.596000000,-0.634363843
5.598000000,-0.632816506
5.600000000,-0.631266638
5.602000000,-0.629714245
5.604000000,-0.628159333
5.606000000,-0.626601908
5.608000000,-0.625041977
5.610000000,-0.623479545
5.612000000,-0.621914620
5.614000000,-0.620347207
5.616000000,-0.618777313
5.618000000,-0.617204943
5.620000000,-0.615630105
5.622000000,-0.614052805
5.624000000,-0.612473048
5.626000000,-0.610890841
5.628000000,-0.609306190
5.630000000,-0.607719103
5.632000000,-0.606129584
5.634000000,-0.604537641
5.636000000,-0.602943280
5.638000000,-0.601346507
5.640000000,-0.599747329
5.642000000,-0.598145751
5.644000000,-0.596541782
5.646000000,-0.594935426
5.648000000,-0.593326690
5.650000000,-0.591715581
5.652000000,-0.590102105
5.654000000,-0.588486268
5.656000000,-0.586868078
5.658000000,-0.585247540
5.660000000,-0.583624661
5.662000000,-0.581999448
5.664000000,-0.580371907
5.666000000,-0.578742044
5.668000000,-0.577109866
5.670000000,-0.575475380
5.672000000,-0.573838592
5.674000000,-0.572199509
5.676000000,-0.570558136
5.678000000,-0.568914482
5.680000000,-0.567268552
5.682000000,-0.565620353
5.684000000,-0.563969891
5.686000000,-0.562317174
5.688000000,-0.560662207
5.690000000,-0.559004997
5.692000000,-0.557345552
5.694000000,-0.555683877
5.696000000,-0.554019979
5.698000000,-0.552353866
5.700000000,-0.550685543
5.702000000,-0.549015017
5.704000000,-0.547342295
5.706000000,-0.545667384
5.708000000,-0.543990290
5.710000000,-0.542311020
5.712000000,-0.540629581
5.714000000,-0.538945979
5.716000000,-0.537260222
5.718000000,-0.535572315
5.720000000,-0.533882266
5.722000000,-0.532190082
5.724000000,-0.530495769
5.726000000,-0.528799334
5.728000000,-0.527100784
5.730000000,-0.525400125
5.732000000,-0.523697365
5.734000000,-0.521992510
5.736000000,-0.520285567
5.738000000,-0.518576543
5.740000000,-0.516865444
5.742000000,-0.515152279
5.744000000,-0.513437052
5.746000000,-0.511719772
5.748000000,-0.510000445
5.750000000,-0.508279077
5.752000000,-0.506555677
5.754000000,-0.504830251
5.756000000,-0.503102805
5.758000000,-0.501373347
5.760000000,-0.499641883
5.762000000,-0.497908421
5.764000000,-0.496172967
5.766000000,-0.494435528
5.768000000,-0.492696112
5.770000000,-0.490954725
5.772000000,-0.489211374
5.774000000,-0.487466066
5.776000000,-0.485718809
5.778000000,-0.483969608
5.780000000,-0.482218472
5.782000000,-0.480465406
5.784000000,-0.478710419
5.786000000,-0.476953517
5.788000000,-0.475194708
5.790000000,-0.473433997
5.792000000,-0.471671393
5.794000000,-0.469906902
5.796000000,-0.468140531
5.798000000,-0.466372288
5.800000000,-0.464602179
5.802000000,-0.462830212
5.804000000,-0.461056394
5.806000000,-0.459280731
5.808000000,-0.457503232
5.810000000,-0.455723902
5.812000000,-0.453942749
5.814000000,-0.452159781
5.816000000,-0.450375004
5.818000000,-0.448588425
5.820000000,-0.446800052
5.822000000,-0.445009892
5.824000000,-0.443217952
5.826000000,-0.441424239
5.828000000,-0.439628760
5.830000000,-0.437831523
5.832000000,-0.436032535
5.834000000,-0.434231802
5.836000000,-0.432429332
5.838000000,-0.430625133
5.840000000,-0.428819211
5.842000000,-0.427011574
5.844000000,-0.425202229
5.846000000,-0.423391183
5.848000000,-0.421578444
5.850000000,-0.419764018
5.852000000,-0.417947913
5.854000000,-0.416130136
5.856000000,-0.414310695
5.858000000,-0.412489597
5.860000000,-0.410666848
5.862000000,-0.408842457
5.864000000,-0.407016431
5.866000000,-0.405188776
5.868000000,-0.403359501
5.870000000,-0.401528612
5.872000000,-0.399696118
5.874000000,-0.397862024
5.876000000,-0.396026339
5.878000000,-0.394189070
5.880000000,-0.392350224
5.882000000,-0.390509809
5.884000000,-0.388667831
5.886000000,-0.386824299
5.888000000,-0.384979220
5.890000000,-0.383132601
5.892000000,-0.381284449
5.894000000,-0.379434772
5.896000000,-0.377583578
5.898000000,-0.375730873
5.900000000,-0.373876665
5.902000000,-0.372020961
5.904000000,-0.370163770
5.906000000,-0.368305098
5.908000000,-0.366444953
5.910000000,-0.364583341
5.912000000,-0.362720272
5.914000000,-0.360855752
5.916000000,-0.358989788
5.918000000,-0.357122388
5.920000000,-0.355253560
5.922000000,-0.353383311
5.924000000,-0.351511648
5.926000000,-0.349638579
5.928000000,-0.347764112
5.930000000,-0.345888253
5.932000000,-0.344011012
5.934000000,-0.342132394
5.936000000,-0.340252407
5.938000000,-0.338371059
5.940000000,-0.336488358
5.942000000,-0.334604311
5.944000000,-0.332718926
5.946000000,-0.330832210
5.948000000,-0.328944170
5.950000000,-0.327054815
5.952000000,-0.325164151
5.954000000,-0.323272187
5.956000000,-0.321378930
5.958000000,-0.319484387
5.960000000,-0.317588566
5.962000000,-0.315691475
5.964000000,-0.313793121
5.966000000,-0.311893512
5.968000000,-0.309992655
5.970000000,-0.308090559
5.972000000,-0.306187230
5.974000000,-0.304282676
5.976000000,-0.302376905
5.978000000,-0.300469925
5.980000000,-0.298561742
5.982000000,-0.296652366
5.984000000,-0.294741803
5.986000000,-0.292830061
5.988000000,-0.290917147
5.990000000,-0.289003070
5.992000000,-0.287087837
5.994000000,-0.285171456
5.996000000,-0.283253934
5.998000000,-0.281335279
6.000000000,-0.279415498
6.002000000,-0.277494600
6.004000000,-0.275572592
6.006000000,-0.273649482
6.008000000,-0.271725277
6.010000000,-0.269799985
6.012000000,-0.267873614
6.014000000,-0.265946171
6.016000000,-0.264017665
6.018000000,-0.262088102
6.020000000,-0.260157491
6.022000000,-0.258225840
6.024000000,-0.256293156
6.026000000,-0.254359446
6.028000000,-0.252424719
6.030000000,-0.250488983
6.032000000,-0.248552244
6.034000000,-0.246614511
6.036000000,-0.244675792
6.038000000,-0.242736094
6.040000000,-0.240795425
6.042000000,-0.238853793
6.044000000,-0.236911206
6.046000000,-0.234967670
6.048000000,-0.233023195
6.050000000,-0.231077788
6.052000000,-0.229131457
6.054000000,-0.227184209
6.056000000,-0.225236052
6.058000000,-0.223286995
6.060000000,-0.221337044
6.062000000,-0.219386208
6.064000000,-0.217434494
6.066000000,-0.215481911
6.068000000,-0.213528465
6.070000000,-0.211574166
6.072000000,-0.209619020
6.074000000,-0.207663036
6.076000000,-0.205706221
6.078000000,-0.203748583
6.080000000,-0.201790131
6.082000000,-0.199830871
6.084000000,-0.197870812
6.086000000,-0.195909961
6.088000000,-0.193948327
6.090000000,-0.191985917
6.092000000,-0.190022739
6.094000000,-0.188058801
6.096000000,-0.186094110
6.098000000,-0.184128676
6.100000000,-0.182162504
6.102000000,-0.180195604
6.104000000,-0.178227984
6.106000000,-0.176259650
6.108000000,-0.174290612
6.110000000,-0.172320876
6.112000000,-0.170350451
6.114000000,-0.168379344
6.116000000,-0.166407564
6.118000000,-0.164435119
6.120000000,-0.162462015
6.122000000,-0.160488262
6.124000000,-0.158513867
6.126000000,-0.156538838
6.128000000,-0.154563182
6.130000000,-0.152586909
6.132000000,-0.150610025
6.134000000,-0.148632538
6.136000000,-0.146654457
6.138000000,-0.144675790
6.140000000,-0.142696544
6.142000000,-0.140716726
6.144000000,-0.138736347
6.146000000,-0.136755412
6.148000000,-0.134773930
6.150000000,-0.132791909
6.152000000,-0.130809357
6.154000000,-0.128826281
6.156000000,-0.126842691
6.158000000,-0.124858593
6.160000000,-0.122873995
6.162000000,-0.120888906
6.164000000,-0.118903334
6.166000000,-0.116917285
6.168000000,-0.114930770
6.170000000,-0.112943794
6.172000000,-0.110956367
6.174000000,-0.108968496
6.176000000,-0.106980189
6.178000000,-0.104991454
6.180000000,-0.103002299
6.182000000,-0.101012732
6.184000000,-0.099022761
6.186000000,-0.097032394
6.188000000,-0.095041639
6.190000000,-0.093050503
6.192000000,-0.091058996
6.194000000,-0.089067124
6.196000000,-0.087074896
6.198000000,-0.085082320
6.200000000,-0.083089403
6.202000000,-0.081096154
6.204000000,-0.079102580
6.206000000,-0.077108691
6.208000000,-0.075114492
6.210000000,-0.073119994
6.212000000,-0.071125202
6.214000000,-0.069130127
6.216000000,-0.067134774
6.218000000,-0.065139154
6.220000000,-0.063143272
6.222000000,-0.061147138
6.224000000,-0.059150760
6.226000000,-0.057154145
6.228000000,-0.055157301
6.230000000,-0.053160237
6.232000000,-0.051162960
6.234000000,-0.049165478
6.236000000,-0.047167800
6.238000000,-0.045169933
6.240000000,-0.043171885
6.242000000,-0.041173665
6.244000000,-0.039175280
6.246000000,-0.037176738
6.248000000,-0.035178048
6.250000000,-0.033179217
6.252000000,-0.031180253
6.254000000,-0.029181164
6.256000000,-0.027181959
6.258000000,-0.025182645
6.260000000,-0.023183230
6.262000000,-0.021183722
6.264000000,-0.019184130
6.266000000,-0.017184461
6.268000000,-0.015184724
6.270000000,-0.013184925
6.272000000,-0.011185074
6.274000000,-0.009185178
6.276000000,-0.007185245
6.278000000,-0.005185284
6.280000000,-0.003185302
6.282000000,-0.001185307
